id,imiê,nazwisko,login,has³o
1,Adam,Kowalski,akowalski,haslo123
2,Barbara,Nowak,bnowak,haslo123
3,Cezary,Wiœniewski,cwisniewski,haslo123
4,Dorota,Wójcik,dwojcik,haslo123
5,Ewa,Kamiñska,ekaminska,haslo123
6,Filip,Lewandowski,flewandowski,haslo123
7,Grzegorz,Kowalczyk,gkowalczyk,haslo123
8,Halina,Mazur,hmazur,haslo123
9,Ireneusz,Koz³owski,ikozlowski,haslo123
10,Justyna,Ko³odziej,jkolodziej,haslo123
11,Karol,Król,kkrol,haslo123
12,Lidia,Wieczorek,lwieczorek,haslo123
13,Marek,Nowicki,mnowicki,haslo123
14,Natalia,Or³owska,nor³owska,haslo123
15,Oskar,Pawlak,opawlak,haslo123
16,Pawe³,Zieliñski,pzielinski,haslo123
17,Renata,Szymañska,rszymanska,haslo123
18,Stefan,Baran,sbaran,haslo123
19,Tamara,Duda,tduda,haslo123
20,Urszula,Stêpieñ,ustepien,haslo123
21,Wiktor,Urban,wurban,haslo123
22,Xenia,Kowal,xkowal,haslo123
23,Yvonne,Pietrzak,ypietrzak,haslo123
24,Zygmunt,Wróbel,zwrobel,haslo123
25,Anna,Mucha,amucha,haslo123
26,Bogdan,¯ak,bzak,haslo123
27,Cecylia,Sobczak,csobczak,haslo123
28,Dariusz,Konieczny,dkonieczny,haslo123
29,Emilia,B¹k,ebak,haslo123
30,Franciszek,Czajka,fczajka,haslo123
